"year","firm","asst","liab","eqty","sales","cost_sales","indst"
2019,"삼성전자",35256,8968,26288,23040,14724,"제조업"
2019,"SK하이닉스",6479,1685,4794,2699,1883,"제조업"
2019,"LG화학",3402,1664,1738,2863,2378,"제조업"
2019,"삼성바이오로직스",591,156,435,70,51,"제조업"
2019,"NAVER",1230,580,650,659,0,"제조업"
2019,"셀트리온",389,99,291,113,50,"제조업"
2019,"현대차",19451,11815,7637,10575,8809,"제조업"
2019,"삼성SDI",1985,719,1266,1010,788,"제조업"
2019,"카카오",874,300,574,307,0,"제조업"
2019,"LG생활건강",649,226,424,769,292,"제조업"
2019,"현대모비스",4661,1420,3241,3805,3282,"제조업"
2019,"삼성물산",4591,1921,2669,3076,2696,"제조업"
2019,"기아차",5534,2637,2898,5815,4877,"제조업"
2019,"POSCO",7906,3126,4779,6437,5812,"제조업"
2019,"엔씨소프트",335,83,251,170,0,"제조업"
2019,"SK텔레콤",4461,2179,2282,1774,0,"제조업"
2019,"KB금융",51854,47942,3912,1464,544,"은행업"
2019,"신한지주",55242,51049,4193,1571,597,"은행업"
2019,"SK이노베이션",3953,2132,1821,4988,4675,"제조업"
2019,"LG전자",4486,2843,1643,6231,4697,"제조업"
2019,"SK",13202,7984,5218,9926,9021,"제조업"
2019,"삼성에스디에스",902,230,673,1072,893,"제조업"
2019,"SK바이오팜",14,15,-1,12,0,"제조업"
2019,"한국전력",19760,12871,6889,5917,5778,"제조업"
2019,"삼성생명",31276,27545,3732,1620,600,"보험업"
2019,"LG",2243,341,1902,658,522,"제조업"
2019,"KT&G",1071,201,871,496,209,"제조업"
2019,"넷마블",581,116,465,218,0,"제조업"
2019,"삼성전기",867,324,543,804,599,"제조업"
2019,"하나금융지주",42151,39252,2898,1112,534,"은행업"
2019,"아모레퍼시픽",599,149,450,558,150,"제조업"
2019,"롯데케미칼",2004,599,1405,1512,1321,"제조업"
2019,"삼성화재",8517,7085,1432,1946,241,"보험업"
2019,"한화솔루션",1568,988,581,950,773,"제조업"
2019,"고려아연",784,100,684,669,574,"제조업"
2019,"신풍제약",38,17,21,19,11,"제조업"
2019,"우리금융지주",36198,33649,2549,1058,468,"은행업"
2019,"현대글로비스",1013,546,467,1827,1690,"제조업"
2019,"한온시스템",708,474,234,715,612,"제조업"
2019,"S-Oil",1633,984,650,2439,2335,"제조업"
2019,"한국조선해양",2506,1213,1293,1518,1419,"제조업"
2019,"기업은행",31811,29533,2278,949,374,"은행업"
2019,"KT",3406,1887,1519,2434,0,"제조업"
2019,"CJ제일제당",2628,1680,948,2235,1807,"제조업"
2019,"미래에셋대우",13315,12396,919,198,NA,"증권업"
2019,"두산중공업",2481,1861,620,1566,1298,"제조업"
2019,"빅히트",36,19,17,59,39,"제조업"
2019,"코웨이",285,178,108,302,101,"제조업"
2019,"LG디스플레이",3557,2309,1249,2348,2161,"제조업"
2019,"SK케미칼",213,141,72,143,110,"제조업"
2019,"한진칼",269,127,142,120,107,"제조업"
2019,"LG유플러스",1794,1059,735,1238,0,"제조업"
2019,"포스코케미칼",173,72,101,148,132,"제조업"
2019,"오리온",245,78,167,202,111,"제조업"
2019,"녹십자",196,78,118,137,100,"제조업"
2019,"금호석유",454,191,263,498,441,"제조업"
2019,"강원랜드",444,72,372,152,74,"제조업"
2019,"유한양행",212,47,165,148,105,"제조업"
2019,"이마트",2109,1089,1021,1906,1417,"제조업"
2019,"현대제철",3437,1713,1723,2051,1912,"제조업"
2019,"한국금융지주",6077,5573,503,140,58,"은행업"
2019,"한국타이어앤테크놀로지",1016,298,719,688,496,"제조업"
2019,"HMM",716,607,109,551,552,"제조업"
2019,"아모레G",828,180,648,628,164,"제조업"
2019,"대한항공",2701,2423,278,1268,1114,"제조업"
2019,"한미사이언스",91,27,65,82,0,"제조업"
2019,"CJ대한통운",911,545,366,1042,944,"제조업"
2019,"삼성카드",2204,1514,690,246,NA,"여신금융업"
2019,"현대중공업지주",2572,1383,1188,2663,2480,"제조업"
2019,"LG이노텍",577,357,220,830,727,"제조업"
2019,"현대건설",1823,951,871,1728,1555,"제조업"
2019,"삼성중공업",1360,835,525,735,729,"제조업"
2019,"한미약품",191,109,82,111,48,"제조업"
2019,"DB손해보험",5578,4963,615,1440,236,"보험업"
2019,"더존비즈온",73,36,36,26,11,"제조업"
2019,"GS",2474,1374,1100,1779,1380,"제조업"
2019,"SKC",397,225,173,254,210,"제조업"
2019,"롯데지주",1561,781,779,886,626,"제조업"
2019,"에스원",179,47,133,215,161,"제조업"
2019,"두산밥캣",670,273,398,451,353,"제조업"
2019,"삼성증권",4473,3978,495,122,NA,"증권업"
2019,"호텔신라",353,261,92,572,0,"제조업"
2019,"동서",148,13,135,50,42,"제조업"
2019,"NH투자증권",5008,4468,539,139,NA,"증권업"
2019,"대림산업",1345,671,674,970,804,"제조업"
2019,"쌍용양회",333,153,180,154,115,"제조업"
2019,"두산퓨얼셀",50,33,17,22,20,"제조업"
2019,"한국가스공사",3931,3117,815,2498,2323,"제조업"
2019,"휠라홀딩스",377,197,180,345,172,"제조업"
2019,"GS리테일",705,450,255,901,706,"제조업"
2019,"대우조선해양",1128,752,375,836,789,"제조업"
2019,"롯데쇼핑",3397,2207,1190,1762,1018,"제조업"
2019,"키움증권",2337,2112,226,87,NA,"증권업"
2019,"제일기획",225,130,96,342,226,"제조업"
2019,"하이트진로",327,224,103,204,116,"제조업"
2019,"GS건설",1317,903,414,1042,902,"제조업"
2019,"메리츠증권",3811,3409,402,116,NA,"증권업"
2019,"한샘",120,59,61,170,122,"제조업"
2019,"CJ",4038,2577,1462,3378,2463,"제조업"
2019,"팬오션",445,155,290,247,218,"제조업"
2019,"씨에스윈드",74,37,37,80,69,"제조업"
2019,"BGF리테일",217,155,62,595,489,"제조업"
2019,"삼성엔지니어링",455,324,130,637,561,"제조업"
2019,"한국항공우주",437,318,118,311,263,"제조업"
2019,"현대해상",4639,4188,451,1348,222,"보험업"
2019,"일진머티리얼즈",104,21,82,55,47,"제조업"
2019,"신세계",1302,750,552,639,313,"제조업"
2019,"오뚜기",215,81,135,236,195,"제조업"
2019,"한화",18229,16402,1826,5041,4666,"제조업"
2019,"BNK금융지주",10454,9536,918,363,144,"은행업"
2019,"LS",1076,649,427,1018,893,"제조업"
2019,"한올바이오파마",19,5,14,11,5,"제조업"
2019,"두산인프라코어",1134,707,427,819,627,"제조업"
2019,"농심",265,71,194,234,163,"제조업"
2019,"만도",460,301,159,598,515,"제조업"
2019,"종근당",80,33,47,108,68,"제조업"
2019,"녹십자홀딩스",277,127,151,152,110,"제조업"
2019,"현대로템",408,320,88,246,255,"제조업"
2019,"한솔케미칼",94,42,52,59,41,"제조업"
2019,"포스코인터내셔널",896,591,305,2442,2330,"제조업"
2019,"효성",653,382,271,337,283,"제조업"
2019,"OCI",481,213,269,261,257,"제조업"
2019,"부광약품",39,6,33,17,8,"제조업"
2019,"LS ELECTRIC",254,118,136,235,189,"제조업"
2019,"메리츠화재",2322,2078,244,808,188,"보험업"
2019,"현대엘리베이",255,160,95,187,150,"제조업"
2019,"DB하이텍",109,44,64,81,51,"제조업"
2019,"현대백화점",762,264,498,220,57,"제조업"
2019,"한국테크놀로지그룹",361,23,338,85,59,"제조업"
2019,"KCC",938,493,445,272,208,"제조업"
2019,"대한유화",203,25,178,207,191,"제조업"
2019,"대웅",167,64,103,137,73,"제조업"
2019,"F&F",68,20,48,91,29,"제조업"
2019,"현대오토에버",103,51,52,157,141,"제조업"
2019,"일양약품",44,21,22,32,15,"제조업"
2019,"NHN",250,67,183,149,0,"제조업"
2019,"한화생명",14185,12786,1399,1559,465,"보험업"
2019,"롯데정밀화학",179,30,149,131,103,"제조업"
2019,"영진약품",20,8,12,22,14,"제조업"
2019,"현대미포조선",338,103,235,299,280,"제조업"
2019,"SK디스커버리",500,268,232,502,460,"제조업"
2019,"대우건설",970,721,249,865,780,"제조업"
2019,"HDC현대산업개발",441,218,223,422,346,"제조업"
2019,"한화에어로스페이스",871,585,286,526,424,"제조업"
2019,"지누스",76,38,37,82,56,"제조업"
2019,"메리츠금융지주",6176,5580,596,183,56,"은행업"
2019,"아이에스동서",288,161,127,96,74,"제조업"
2019,"영원무역",310,114,197,239,178,"제조업"
2019,"한전KPS",136,30,106,125,97,"제조업"
2019,"진원생명과학",5,3,2,4,3,"제조업"
2019,"제일약품",40,23,17,67,52,"제조업"
2019,"한화시스템",241,144,97,155,131,"제조업"
2019,"현대위아",677,368,309,731,692,"제조업"
2019,"더블유게임즈",107,43,65,51,0,"제조업"
2019,"이노션",208,129,78,127,76,"제조업"
2019,"DGB금융지주",7240,6697,543,219,78,"은행업"
2019,"SK네트웍스",1014,783,231,1305,1194,"제조업"
2019,"파미셀",6,1,5,3,2,"제조업"
2019,"코스맥스",120,89,32,133,115,"제조업"
2019,"대웅제약",125,61,64,111,64,"제조업"
2019,"휴켐스",91,24,67,66,52,"제조업"
2019,"금호타이어",393,264,129,237,184,"제조업"
2019,"두산솔루스",49,35,14,7,5,"제조업"
2019,"JB금융지주",4753,4371,382,189,66,"은행업"
2019,"SK가스",408,242,166,493,452,"제조업"
2019,"한국콜마",240,155,85,154,111,"제조업"
2019,"코오롱인더",529,317,213,441,328,"제조업"
2019,"롯데관광개발",57,27,30,9,7,"제조업"
2019,"신세계인터내셔날",113,53,60,143,59,"제조업"
2019,"쿠쿠홈시스",63,17,46,66,25,"제조업"
2019,"영풍",483,113,370,308,287,"제조업"
2019,"후성",53,29,24,25,20,"제조업"
2019,"코리안리",1173,928,246,805,21,"보험업"
2019,"다우기술",2417,2151,266,325,234,"제조업"
2019,"현대홈쇼핑",250,77,173,221,125,"제조업"
2019,"대상",240,137,102,296,221,"제조업"
2019,"동원시스템즈",115,58,57,104,91,"제조업"
2019,"SK디앤디",140,104,36,45,32,"제조업"
2019,"티와이홀딩스",NA,NA,NA,NA,NA,"제조업"
2019,"KG동부제철",236,147,89,243,229,"제조업"
2019,"태광산업",436,87,348,292,190,"제조업"
2019,"유나이티드제약",33,8,26,22,9,"제조업"
2019,"드림텍",38,16,22,56,48,"제조업"
2019,"오리온홀딩스",437,103,334,210,118,"제조업"
2019,"S&T모티브",104,30,74,98,82,"제조업"
2019,"두산",2917,2235,682,1854,1538,"제조업"
2019,"신성이엔지",42,29,12,45,39,"제조업"
2019,"동원산업",299,191,108,268,227,"제조업"
2019,"롯데칠성",326,203,123,243,145,"제조업"
2019,"아시아나항공",1350,1260,91,697,669,"제조업"
2019,"삼양식품",47,18,29,54,39,"제조업"
2019,"화승엔터프라이즈",98,61,37,120,102,"제조업"
2019,"한진",355,249,105,206,189,"제조업"
2019,"일진다이아",25,6,18,16,11,"제조업"
2019,"GKL",91,32,59,49,36,"제조업"
2019,"대한전선",124,92,31,155,146,"제조업"
2019,"효성티앤씨",322,264,58,598,542,"제조업"
2019,"롯데하이마트",311,119,192,403,303,"제조업"
2019,"현대그린푸드",297,85,212,312,259,"제조업"
2019,"보령제약",51,22,28,52,30,"제조업"
2019,"한섬",132,28,105,126,51,"제조업"
2019,"CJ CGV",452,392,60,194,116,"제조업"
2019,"동아에스티",101,36,65,61,30,"제조업"
2019,"풍산",256,118,138,245,226,"제조업"
2019,"동아쏘시오홀딩스",136,61,75,77,50,"제조업"
2019,"경동나비엔",61,31,30,77,51,"제조업"
2019,"한세실업",118,72,46,192,152,"제조업"
2019,"NICE",256,134,122,188,0,"제조업"
2019,"잇츠한불",54,6,48,20,9,"제조업"
2019,"에스엘",227,89,138,226,205,"제조업"
2019,"미래에셋생명",3802,3568,234,186,28,"보험업"
2019,"대신증권",1944,1742,202,48,NA,"증권업"
2019,"효성첨단소재",253,213,41,305,270,"제조업"
2019,"아주캐피탈",747,666,81,23,NA,"여신금융업"
2019,"JW중외제약",57,34,23,51,35,"제조업"
2019,"쿠쿠홀딩스",81,14,67,53,31,"제조업"
2019,"동원F&B",157,89,68,303,235,"제조업"
2019,"LG상사",488,333,155,1053,982,"제조업"
2019,"LIG넥스원",232,168,63,145,131,"제조업"
2019,"롯데제과",272,142,130,209,139,"제조업"
2019,"동국제강",544,349,195,566,515,"제조업"
2019,"쌍용차",202,162,40,362,336,"제조업"
2019,"한전기술",74,24,49,45,32,"제조업"
2019,"HDC",421,185,236,162,132,"제조업"
2019,"현대일렉트릭",226,156,70,177,162,"제조업"
2019,"효성중공업",400,301,99,378,339,"제조업"
2019,"풀무원",148,102,46,238,179,"제조업"
2019,"한진중공업",247,223,24,163,145,"제조업"
2019,"SPC삼립",120,87,32,250,212,"제조업"
2019,"애경산업",45,11,34,70,36,"제조업"
2019,"한미반도체",26,4,22,12,7,"제조업"
2019,"서흥",71,38,33,46,37,"제조업"
2019,"LG하우시스",257,165,92,319,244,"제조업"
2019,"락앤락",80,12,68,49,27,"제조업"
2019,"한일시멘트",138,50,89,95,77,"제조업"
2019,"부산가스",104,37,67,97,82,"제조업"
2019,"하나투어",101,79,22,76,0,"제조업"
2019,"유안타증권",1234,1108,126,38,NA,"증권업"
2019,"대덕전자",NA,NA,NA,NA,NA,"제조업"
2019,"롯데정보통신",70,31,39,85,77,"제조업"
2019,"빙그레",68,11,57,88,65,"제조업"
2019,"삼화콘덴서",21,6,15,25,19,"제조업"
2019,"삼양홀딩스",359,156,203,249,203,"제조업"
2019,"삼부토건",42,22,20,23,21,"제조업"
2019,"삼양사",239,109,129,210,171,"제조업"
2019,"동양생명",3395,3135,260,453,107,"보험업"
2019,"롯데손해보험",1627,1530,97,243,43,"보험업"
2019,"동화약품",38,8,30,31,19,"제조업"
2019,"현대건설기계",319,161,158,285,231,"제조업"
2019,"넥센타이어",344,188,156,202,141,"제조업"
2019,"대림건설",85,39,46,128,110,"제조업"
2019,"영원무역홀딩스",379,121,258,274,185,"제조업"
2019,"미원에스씨",31,6,25,38,31,"제조업"
2019,"제주항공",147,114,33,138,125,"제조업"
2019,"광동제약",79,35,45,124,98,"제조업"
2019,"에이프로젠제약",37,2,35,5,3,"제조업"
2019,"대한해운",334,245,90,101,83,"제조업"
2019,"종근당홀딩스",107,33,74,72,39,"제조업"
2019,"코오롱글로벌",222,175,47,348,311,"제조업"
2019,"한국단자",89,18,71,77,68,"제조업"
2019,"미원상사",28,6,22,25,20,"제조업"
2019,"케이씨텍",34,5,29,27,18,"제조업"
2019,"남선알미늄",30,12,18,32,29,"제조업"
2019,"현대에너지솔루션",48,16,32,45,38,"제조업"
2019,"한국콜마홀딩스",110,49,60,59,46,"제조업"
2019,"서울가스",158,62,97,136,118,"제조업"
2019,"한국카본",40,8,31,27,22,"제조업"
2019,"엔에스쇼핑",92,49,43,50,8,"제조업"
2019,"한국자산신탁",124,58,66,22,7,"기타금융업"
2019,"제이콘텐트리",116,74,42,55,31,"제조업"
2019,"우리종금",340,303,37,21,12,"종합금융업"
2019,"한국토지신탁",145,57,88,26,7,"기타금융업"
2019,"지역난방공사",589,436,153,237,222,"제조업"
2019,"코스모신소재",26,11,15,24,23,"제조업"
2019,"스카이라이프",85,14,71,69,0,"제조업"
2019,"세진중공업",41,25,16,30,27,"제조업"
2019,"한독",75,40,34,47,31,"제조업"
2019,"교보증권",792,696,96,31,NA,"증권업"
2019,"LF",242,103,139,185,81,"제조업"
2019,"일동제약",61,36,25,52,29,"제조업"
2019,"효성화학",206,161,45,181,157,"제조업"
2019,"세방전지",151,46,105,114,94,"제조업"
2019,"덴티움",55,34,21,25,9,"제조업"
2019,"BGF",166,13,153,24,11,"제조업"
2019,"한일현대시멘트",56,36,20,38,30,"제조업"
2019,"디피씨",22,6,16,17,11,"제조업"
2019,"남해화학",58,15,43,119,108,"제조업"
2019,"SK렌터카",165,130,34,64,0,"제조업"
2019,"진에어",70,51,19,91,88,"제조업"
2019,"유니드",108,37,71,88,68,"제조업"
2019,"화승인더",127,82,45,143,118,"제조업"
2019,"제일파마홀딩스",85,36,48,73,55,"제조업"
2019,"대원제약",33,12,20,32,14,"제조업"
2019,"알루코",77,49,29,45,39,"제조업"
2019,"모토닉",44,3,41,21,18,"제조업"
2019,"태영건설",592,434,157,392,326,"제조업"
2019,"한화투자증권",988,872,116,35,NA,"증권업"
2019,"율촌화학",61,26,34,51,44,"제조업"
2019,"JW홀딩스",124,89,35,73,44,"제조업"
2019,"하나제약",26,4,22,17,6,"제조업"
2019,"삼진제약",24,5,20,24,12,"제조업"
2019,"대상홀딩스",290,169,121,355,265,"제조업"
2019,"태림포장",57,25,32,57,48,"제조업"
2019,"현대에이치씨엔",81,7,74,29,19,"제조업"
2019,"대성홀딩스",114,60,54,92,79,"제조업"
2019,"하이트진로홀딩스",384,285,98,203,115,"제조업"
2019,"이월드",48,9,39,18,11,"제조업"
2019,"송원산업",89,46,44,81,65,"제조업"
2019,"이연제약",27,5,22,13,6,"제조업"
2019,"세아베스틸",358,159,198,296,279,"제조업"
2019,"유진투자증권",774,695,79,25,NA,"증권업"
2019,"롯데푸드",132,61,71,179,149,"제조업"
2019,"SK증권",414,357,57,23,NA,"증권업"
2019,"진흥기업",33,23,10,55,50,"제조업"
2019,"농심홀딩스",122,29,92,54,46,"제조업"
2019,"퍼시스",48,4,44,30,22,"제조업"
2019,"조광피혁",30,2,28,11,8,"제조업"
2019,"현대리바트",75,29,46,124,102,"제조업"
2019,"한라홀딩스",176,87,89,80,64,"제조업"
2019,"현대차증권",703,604,99,25,NA,"증권업"
2019,"한화손해보험",1826,1679,146,598,123,"보험업"
2019,"E1",359,239,120,461,422,"제조업"
2019,"케이씨",68,17,51,51,41,"제조업"
2019,"삼천리",391,252,139,346,310,"제조업"
2019,"에이프로젠 KIC",65,13,53,8,6,"제조업"
2019,"대교",92,31,61,76,62,"제조업"
2019,"비티원",9,2,7,1,1,"제조업"
2019,"한국쉘석유",14,4,10,21,14,"제조업"
2019,"해성디에스",33,12,21,38,32,"제조업"
2019,"한솔제지",174,113,61,191,157,"제조업"
2019,"아이마켓코리아",110,67,43,292,276,"제조업"
2019,"YG PLUS",16,4,11,12,9,"제조업"
2019,"이수화학",107,69,38,152,142,"제조업"
2019,"경방",137,63,74,34,24,"제조업"
2019,"삼양패키징",56,28,29,38,30,"제조업"
2019,"코리아써키트",48,9,39,54,51,"제조업"
2019,"동성제약",13,6,7,9,5,"제조업"
2019,"웅진씽크빅",246,198,48,65,28,"제조업"
2019,"조선내화",107,37,70,76,65,"제조업"
2019,"아세아제지",85,26,58,70,55,"제조업"
2019,"LG헬로비전",179,84,95,111,9,"제조업"
2019,"JW생명과학",20,8,12,17,12,"제조업"
2019,"유니퀘스트",35,14,21,34,30,"제조업"
2019,"휴비스",88,48,40,103,93,"제조업"
2019,"SBS",125,60,65,82,66,"제조업"
2019,"금호에이치티",32,15,17,25,24,"제조업"
2019,"한솔테크닉스",50,23,26,97,86,"제조업"
2019,"코리아오토글라스",50,14,36,46,35,"제조업"
2019,"고려제강",235,87,148,164,144,"제조업"
2019,"필룩스",42,14,27,14,9,"제조업"
2019,"경인양행",47,23,24,36,27,"제조업"
2019,"동양",102,20,82,54,49,"제조업"
2019,"세아홀딩스",546,242,303,493,467,"제조업"
2019,"환인제약",30,3,27,16,8,"제조업"
2019,"KEC",33,12,21,20,18,"제조업"
2019,"한일홀딩스",330,156,174,165,138,"제조업"
2019,"자화전자",35,7,28,36,32,"제조업"
2019,"서연",222,141,81,220,196,"제조업"
2019,"KG케미칼",415,280,135,207,159,"제조업"
2019,"에어부산",99,88,11,63,62,"제조업"
2019,"동부건설",89,47,42,116,105,"제조업"
2019,"대한제분",101,25,76,93,75,"제조업"
2019,"애경유화",49,13,36,102,92,"제조업"
2019,"효성ITX",16,11,5,39,35,"제조업"
2019,"금호산업",134,96,38,160,148,"제조업"
2019,"경농",37,17,20,23,15,"제조업"
2019,"엘브이엠씨홀딩스",68,35,33,36,34,"제조업"
2019,"코오롱",363,290,73,441,394,"제조업"
2019,"케이씨씨글라스",NA,NA,NA,NA,NA,"제조업"
2019,"삼영무역",51,11,40,27,25,"제조업"
2019,"국도화학",91,38,53,112,99,"제조업"
2019,"세아제강",103,46,57,123,112,"제조업"
2019,"도화엔지니어링",41,16,25,52,0,"제조업"
2019,"코오롱머티리얼",12,5,7,10,9,"제조업"
2019,"광주신세계",75,9,66,15,2,"제조업"
2019,"세종공업",100,61,38,122,109,"제조업"
2019,"대원강업",105,46,59,96,86,"제조업"
2019,"삼성출판사",24,12,12,20,10,"제조업"
2019,"KPX케미칼",54,6,48,77,67,"제조업"
2019,"해태제과식품",76,51,24,69,46,"제조업"
2019,"일진홀딩스",119,67,52,90,75,"제조업"
2019,"자이에스앤디",28,13,15,28,25,"제조업"
2019,"AK홀딩스",433,290,143,376,283,"제조업"
2019,"신도리코",95,8,87,43,34,"제조업"
2019,"경보제약",24,9,15,19,15,"제조업"
2019,"인스코비",5,3,3,8,4,"제조업"
2019,"선진",98,65,33,101,84,"제조업"
2019,"S&T홀딩스",224,61,163,151,128,"제조업"
2019,"KSS해운",95,67,28,23,17,"제조업"
2019,"SBS미디어홀딩스",67,7,60,24,20,"제조업"
2019,"아세아시멘트",192,111,81,84,66,"제조업"
2019,"한세예스24홀딩스",173,114,60,277,209,"제조업"
2019,"금양",22,16,7,17,14,"제조업"
2019,"LS전선아시아",36,20,16,52,47,"제조업"
2019,"IHQ",17,3,14,10,0,"제조업"
2019,"종근당바이오",23,7,16,14,10,"제조업"
2019,"코스모화학",51,29,23,41,38,"제조업"
2019,"KISCO홀딩스",156,23,133,118,107,"제조업"
2019,"부국증권",148,100,49,12,NA,"증권업"
2019,"삼성제약",17,3,14,4,4,"제조업"
2019,"삼익THK",39,20,19,23,19,"제조업"
2019,"한국화장품",8,5,4,13,6,"제조업"
2019,"디티알오토모티브",91,29,63,93,79,"제조업"
2019,"티웨이항공",81,62,19,81,76,"제조업"
2019,"한국철강",87,15,72,72,67,"제조업"
2019,"DI동일",96,43,53,94,69,"제조업"
2019,"대덕",120,16,104,107,98,"제조업"
2019,"넥센",410,208,202,229,162,"제조업"
2019,"예스코홀딩스",154,94,61,111,96,"제조업"
2019,"동양물산",63,48,15,62,52,"제조업"
2019,"풍산홀딩스",94,22,72,26,23,"제조업"
2019,"신대양제지",77,19,57,65,48,"제조업"
2019,"신세계 I&C",29,9,20,46,39,"제조업"
2019,"우리들제약",10,4,6,10,4,"제조업"
2019,"아시아나IDT",23,9,14,25,22,"제조업"
2019,"일성신약",37,2,35,5,3,"제조업"
2019,"명문제약",26,18,8,15,8,"제조업"
2019,"이아이디",21,7,14,14,13,"제조업"
2019,"KPX홀딩스",145,27,118,101,87,"제조업"
2019,"우리들휴브레인",7,3,4,6,5,"제조업"
2019,"신세계푸드",73,42,32,132,115,"제조업"
2019,"무림P&P",135,73,62,63,53,"제조업"
2019,"에이블씨엔씨",43,18,26,42,17,"제조업"
2019,"샘표식품",23,7,16,28,15,"제조업"
2019,"모나리자",8,1,7,12,9,"제조업"
2019,"AJ네트웍스",180,146,35,120,0,"제조업"
2019,"계룡건설",201,150,50,228,204,"제조업"
2019,"현대상사",144,110,34,426,414,"제조업"
2019,"용평리조트",85,45,40,13,12,"제조업"
2019,"한솔홈데코",30,14,15,26,23,"제조업"
2019,"센트랄모텍",24,14,10,29,26,"제조업"
2019,"HDC현대EP",55,26,28,84,75,"제조업"
2019,"남양유업",106,14,91,103,78,"제조업"
2019,"삼양통상",37,4,33,19,14,"제조업"
2019,"세아제강지주",245,110,135,264,243,"제조업"
2019,"삼광글라스",70,38,31,28,25,"제조업"
2019,"국제약품",13,7,6,11,6,"제조업"
2019,"한국화장품제조",8,4,5,8,7,"제조업"
2019,"무학",62,11,51,17,10,"제조업"
2019,"대한방직",20,7,13,16,15,"제조업"
2019,"동성코퍼레이션",85,43,42,85,70,"제조업"
2019,"대한제강",64,17,46,102,94,"제조업"
2019,"코스맥스비티아이",89,54,36,47,41,"제조업"
2019,"세방",111,29,82,72,65,"제조업"
2019,"아세아",287,141,146,154,122,"제조업"
2019,"아남전자",15,9,6,24,22,"제조업"
2019,"넥스트사이언스",13,5,8,4,2,"제조업"
2019,"S&T중공업",84,22,62,38,34,"제조업"
2019,"세원셀론텍",36,18,18,18,16,"제조업"
2019,"동아지질",32,13,19,38,35,"제조업"
2019,"팜스코",98,68,30,116,102,"제조업"
2019,"대동공업",82,60,22,83,64,"제조업"
2019,"흥국화재",1265,1194,71,304,55,"보험업"
2019,"CJ씨푸드",13,6,6,15,13,"제조업"
2019,"이수페타시스",42,34,8,51,49,"제조업"
2019,"깨끗한나라",54,38,16,59,51,"제조업"
2019,"토니모리",24,14,10,17,7,"제조업"
2019,"유니온머티리얼",17,9,9,11,9,"제조업"
2019,"DB금융투자",842,761,81,30,NA,"증권업"
2019,"LS네트웍스",117,65,52,40,30,"제조업"
2019,"대한제당",114,68,46,120,107,"제조업"
2019,"성신양회",103,63,40,71,57,"제조업"
2019,"일신방직",95,23,72,50,40,"제조업"
2019,"인지컨트롤스",51,32,19,49,44,"제조업"
2019,"동일산업",40,5,35,35,34,"제조업"
2019,"HSD엔진",83,64,19,67,66,"제조업"
2019,"키다리스튜디오",4,2,2,3,2,"제조업"
2019,"HDC아이콘트롤스",24,7,17,25,23,"제조업"
2019,"국동",13,7,6,22,19,"제조업"
2019,"한신공영",165,114,51,162,143,"제조업"
2019,"써니전자",6,1,5,3,2,"제조업"
2019,"삼영전자",50,2,48,20,18,"제조업"
2019,"KTB투자증권",286,228,58,23,NA,"증권업"
2019,"지엠비코리아",49,25,23,48,41,"제조업"
2019,"테이팩스",15,4,10,11,9,"제조업"
2019,"화성산업",61,24,37,45,38,"제조업"
2019,"일신석재",9,4,5,7,6,"제조업"
2019,"BYC",69,26,43,17,10,"제조업"
2019,"서원",22,11,11,26,24,"제조업"
2019,"진양홀딩스",51,14,37,23,19,"제조업"
2019,"쌍방울",34,17,17,10,7,"제조업"
2019,"KC코트렐",33,26,8,30,27,"제조업"
2019,"코오롱플라스틱",34,14,20,33,29,"제조업"
2019,"SIMPAC",68,24,44,43,39,"제조업"
2019,"미원홀딩스",32,12,20,19,16,"제조업"
2019,"남성",20,12,9,7,5,"제조업"
2019,"삼일제약",18,12,6,12,7,"제조업"
2019,"사조산업",114,65,49,74,68,"제조업"
2019,"핸즈코퍼레이션",85,53,32,62,54,"제조업"
2019,"태경산업",56,22,34,52,42,"제조업"
2019,"큐로",22,12,10,15,12,"제조업"
2019,"신라교역",62,10,52,37,33,"제조업"
2019,"GS글로벌",121,83,38,389,374,"제조업"
2019,"대성에너지",70,39,31,77,66,"제조업"
2019,"STX엔진",83,59,24,61,54,"제조업"
2019,"백광산업",33,16,17,17,12,"제조업"
2019,"보락",6,1,4,4,3,"제조업"
2019,"대우부품",8,4,4,5,5,"제조업"
2019,"이엔플러스",12,7,5,4,4,"제조업"
2019,"노루페인트",63,30,32,65,50,"제조업"
2019,"성창기업지주",70,18,53,15,13,"제조업"
2019,"대성산업",103,65,39,87,77,"제조업"
2019,"범양건영",14,7,7,28,26,"제조업"
2019,"한솔홀딩스",67,21,46,54,48,"제조업"
2019,"유수홀딩스",52,19,33,37,30,"제조업"
2019,"화승알앤에이",121,95,26,155,127,"제조업"
2019,"DB",36,15,21,24,18,"제조업"
2019,"삼일씨엔에스",34,6,28,20,17,"제조업"
2019,"동남합성",10,2,7,13,11,"제조업"
2019,"마니커",18,9,9,24,24,"제조업"
2019,"샘표",34,8,26,28,15,"제조업"
2019,"삼화페인트",56,28,28,54,44,"제조업"
2019,"신일전자",10,3,7,15,11,"제조업"
2019,"크라운해태홀딩스",124,78,46,106,70,"제조업"
2019,"광전자",26,4,22,17,15,"제조업"
2019,"DRB동일",75,28,46,55,43,"제조업"
2019,"벽산",46,17,29,43,37,"제조업"
2019,"수산중공업",18,8,10,16,13,"제조업"
2019,"한농화성",16,4,12,20,18,"제조업"
2019,"모나미",18,11,8,13,9,"제조업"
2019,"동일고무벨트",28,9,19,26,22,"제조업"
2019,"유화증권",62,16,46,2,NA,"증권업"
2019,"한라",159,133,26,130,113,"제조업"
2019,"조선선재",12,1,11,6,4,"제조업"
2019,"카프로",36,18,18,44,47,"제조업"
2019,"디씨엠",21,3,17,15,12,"제조업"
2019,"사조대림",107,65,42,133,114,"제조업"
2019,"삼익악기",61,39,22,27,19,"제조업"
2019,"디아이",21,7,14,11,8,"제조업"
2019,"디와이파워",26,10,17,34,29,"제조업"
2019,"한창제지",17,9,9,18,15,"제조업"
2019,"백산",33,19,14,47,38,"제조업"
2019,"서연이화",182,120,62,198,177,"제조업"
2019,"센트럴인사이트",5,4,1,7,6,"제조업"
2019,"동아타이어",39,3,36,16,13,"제조업"
2019,"한전산업",19,10,9,31,27,"제조업"
2019,"동양철관",16,8,8,16,15,"제조업"
2019,"미원화학",12,2,10,15,13,"제조업"
2019,"노루홀딩스",101,44,57,88,67,"제조업"
2019,"사조동아원",47,27,20,41,37,"제조업"
2019,"대영포장",21,6,15,27,23,"제조업"
2019,"삼화전기",13,6,6,20,17,"제조업"
2019,"부산산업",14,6,8,14,12,"제조업"
2019,"현대비앤지스틸",61,21,40,73,66,"제조업"
2019,"디와이",75,28,47,85,75,"제조업"
2019,"신원",40,20,20,67,50,"제조업"
2019,"세이브존I&C",58,13,45,16,6,"제조업"
2019,"KC그린홀딩스",82,52,29,70,56,"제조업"
2019,"SG세계물산",29,8,20,31,22,"제조업"
2019,"신흥",15,6,9,12,9,"제조업"
2019,"극동유화",29,12,17,80,75,"제조업"
2019,"STX중공업",45,31,14,25,24,"제조업"
2019,"시디즈",7,4,3,19,15,"제조업"
2019,"한양증권",182,153,29,11,NA,"증권업"
2019,"일진디스플",13,8,5,10,11,"제조업"
2019,"텔코웨어",13,2,11,4,3,"제조업"
2019,"한진중공업홀딩스",186,150,36,88,76,"제조업"
2019,"S&TC",33,9,24,21,18,"제조업"
2019,"금강공업",83,49,35,55,46,"제조업"
2019,"경동도시가스",75,41,34,142,131,"제조업"
2019,"보해양조",17,9,8,8,6,"제조업"
2019,"인천도시가스",37,18,18,57,50,"제조업"
2019,"NPC",40,12,28,45,39,"제조업"
2019,"사조씨푸드",35,14,20,35,32,"제조업"
2019,"STX",56,50,6,147,142,"제조업"
2019,"까뮤이앤씨",17,10,7,28,26,"제조업"
2019,"강남제비스코",67,11,56,33,29,"제조업"
2019,"대창",58,36,22,90,85,"제조업"
2019,"대한화섬",61,8,53,11,10,"제조업"
2019,"미창석유",30,4,26,32,29,"제조업"
2019,"덕성",10,4,6,9,7,"제조업"
2019,"콤텍시스템",16,7,9,24,21,"제조업"
2019,"이건산업",42,24,18,28,24,"제조업"
2019,"일동홀딩스",81,48,32,29,18,"제조업"
2019,"그린케미칼",19,8,11,23,22,"제조업"
2019,"한미글로벌",20,8,12,29,21,"제조업"
2019,"크라운제과",33,19,14,39,25,"제조업"
2019,"세화아이엠씨",16,14,2,10,9,"제조업"
2019,"제주은행",619,570,50,20,8,"은행업"
2019,"일진전기",78,48,30,67,61,"제조업"
2019,"영흥",31,14,17,20,18,"제조업"
2019,"대양금속",9,2,7,15,14,"제조업"
2019,"대창단조",24,5,19,28,24,"제조업"
2019,"삼호개발",30,11,19,36,33,"제조업"
2019,"국보",13,9,4,9,7,"제조업"
2019,"유유제약",14,5,9,9,4,"제조업"
2019,"대구백화점",67,39,29,10,0,"제조업"
2019,"현대코퍼레이션홀딩스",24,6,18,18,16,"제조업"
2019,"삼아알미늄",21,10,11,19,17,"제조업"
2019,"영화금속",20,13,7,23,21,"제조업"
2019,"계양전기",28,10,18,38,31,"제조업"
2019,"상상인증권",47,32,15,2,NA,"증권업"
2019,"한국특수형강",31,25,7,39,38,"제조업"
2019,"유니온",33,18,14,21,17,"제조업"
2019,"퍼스텍",18,15,3,13,12,"제조업"
2019,"부국철강",12,1,11,13,13,"제조업"
2019,"태경비케이",30,10,20,19,15,"제조업"
2019,"남광토건",20,15,5,24,21,"제조업"
2019,"한국공항",46,14,32,53,48,"제조업"
2019,"무림페이퍼",216,147,69,112,97,"제조업"
2019,"DSR",24,9,16,24,21,"제조업"
2019,"제이준코스메틱",12,7,5,5,4,"제조업"
2019,"인디에프",15,9,6,20,10,"제조업"
2019,"대유플러스",109,92,17,53,45,"제조업"
2019,"세아특수강",57,25,33,72,67,"제조업"
2019,"황금에스티",40,10,29,24,20,"제조업"
2019,"태경케미컬",14,2,12,4,3,"제조업"
2019,"삼원강재",25,4,21,27,25,"제조업"
2019,"웰바이오텍",12,4,8,8,7,"제조업"
2019,"우진",20,7,13,9,7,"제조업"
2019,"우성사료",34,16,17,34,29,"제조업"
2019,"조흥",22,9,13,20,17,"제조업"
2019,"KTcs",38,21,16,94,0,"제조업"
2019,"세하",19,15,4,18,15,"제조업"
2019,"천일고속",8,3,5,6,5,"제조업"
2019,"화신",81,51,30,116,109,"제조업"
2019,"고려산업",21,11,10,19,16,"제조업"
2019,"가온전선",51,26,26,83,79,"제조업"
2019,"조비",9,4,5,7,6,"제조업"
2019,"두올",36,19,18,47,39,"제조업"
2019,"제이에스코퍼레이션",20,4,16,25,20,"제조업"
2019,"비비안",13,3,10,20,9,"제조업"
2019,"세우글로벌",5,1,4,3,2,"제조업"
2019,"SH에너지화학",12,2,10,14,13,"제조업"
2019,"대림B&Co",31,15,16,24,19,"제조업"
2019,"KTis",31,14,17,45,0,"제조업"
2019,"유니켐",17,8,9,11,8,"제조업"
2019,"신영와코루",34,3,31,18,7,"제조업"
2019,"TCC스틸",31,20,12,44,41,"제조업"
2019,"포스코강판",50,28,22,92,87,"제조업"
2019,"광명전기",16,5,11,13,12,"제조업"
2019,"KR모터스",14,11,4,13,13,"제조업"
2019,"SG충방",20,7,13,13,11,"제조업"
2019,"대유에이텍",112,88,24,128,108,"제조업"
2019,"신세계건설",78,58,20,102,92,"제조업"
2019,"지투알",50,36,14,54,38,"제조업"
2019,"영풍제지",14,2,12,10,8,"제조업"
2019,"엔케이",15,6,9,11,10,"제조업"
2019,"동방아그로",19,6,14,12,9,"제조업"
2019,"사조오양",31,14,17,31,27,"제조업"
2019,"삼화왕관",24,9,15,12,9,"제조업"
2019,"동성화학",19,6,12,20,15,"제조업"
2019,"비케이탑스",10,6,4,6,6,"제조업"
2019,"KCTC",42,23,20,45,38,"제조업"
2019,"신풍제지",19,12,7,16,13,"제조업"
2019,"참엔지니어링",72,64,8,11,8,"제조업"
2019,"비상교육",29,7,21,20,10,"제조업"
2019,"인터지스",42,24,18,48,44,"제조업"
2019,"다스코",21,9,12,22,19,"제조업"
2019,"휴니드",26,15,12,19,17,"제조업"
2019,"웅진",291,264,27,82,44,"제조업"
2019,"성보화학",17,3,15,4,3,"제조업"
2019,"대현",26,6,20,30,13,"제조업"
2019,"쎌마테라퓨틱스",2,1,0,1,1,"제조업"
2019,"동양피스톤",35,24,11,36,32,"제조업"
2019,"윌비스",28,18,10,27,24,"제조업"
2019,"태평양물산",61,43,18,97,80,"제조업"
2019,"새론오토모티브",26,4,21,15,14,"제조업"
2019,"한국수출포장",31,6,25,27,22,"제조업"
2019,"동방",63,51,12,63,56,"제조업"
2019,"동양고속",19,5,13,14,12,"제조업"
2019,"영보화학",18,3,15,13,10,"제조업"
2019,"메타랩스",10,4,6,9,6,"제조업"
2019,"한국내화",21,7,14,22,19,"제조업"
2019,"화인베스틸",21,12,9,13,13,"제조업"
2019,"삼영화학",11,6,4,11,10,"제조업"
2019,"한창",9,7,3,7,5,"제조업"
2019,"유성기업",40,9,31,26,24,"제조업"
2019,"삼정펄프",21,2,18,15,13,"제조업"
2019,"혜인",22,12,10,26,22,"제조업"
2019,"유양디앤유",21,9,12,11,10,"제조업"
2019,"티웨이홀딩스",87,63,25,82,76,"제조업"
2019,"제일연마",10,2,8,8,6,"제조업"
2019,"대원전선",19,11,8,40,39,"제조업"
2019,"DSR제강",20,6,14,19,17,"제조업"
2019,"화천기공",37,8,30,21,17,"제조업"
2019,"경동인베스트",61,19,41,27,22,"제조업"
2019,"CS홀딩스",31,3,29,13,10,"제조업"
2019,"NI스틸",26,15,11,15,12,"제조업"
2019,"조광페인트",31,14,17,20,17,"제조업"
2019,"호전실업",29,17,12,31,25,"제조업"
2019,"대림통상",18,9,9,18,16,"제조업"
2019,"대원화성",13,5,8,13,11,"제조업"
2019,"주연테크",6,2,4,7,6,"제조업"
2019,"한국프랜지",65,42,23,95,89,"제조업"
2019,"평화산업",19,16,3,35,34,"제조업"
2019,"화천기계",16,3,12,16,15,"제조업"
2019,"한익스프레스",27,19,7,58,56,"제조업"
2019,"덕양산업",51,45,6,136,135,"제조업"
2019,"한국석유",29,15,14,49,43,"제조업"
2019,"한성기업",23,18,5,27,23,"제조업"
2019,"에넥스",13,8,5,36,33,"제조업"
2019,"우신시스템",31,20,11,30,27,"제조업"
2019,"페이퍼코리아",63,61,1,27,23,"제조업"
2019,"MH에탄올",45,37,8,8,5,"제조업"
2019,"한솔로지스틱스",17,12,5,46,42,"제조업"
2019,"유엔젤",5,1,4,3,2,"제조업"
2019,"진양산업",5,1,4,6,5,"제조업"
2019,"선창산업",54,33,22,46,42,"제조업"
2019,"진양화학",4,1,3,4,4,"제조업"
2019,"우진아이엔에스",13,3,11,11,10,"제조업"
2019,"대호에이엘",8,5,3,12,11,"제조업"
2019,"상신브레이크",45,28,18,39,31,"제조업"
2019,"이구산업",26,16,10,21,20,"제조업"
2019,"디아이씨",78,59,19,54,52,"제조업"
2019,"키위미디어그룹",6,7,-1,3,3,"제조업"
2019,"휴스틸",58,18,40,54,52,"제조업"
2019,"문배철강",20,8,11,16,15,"제조업"
2019,"한신기계",9,1,8,5,4,"제조업"
2019,"서울식품",8,5,2,6,5,"제조업"
2019,"미래산업",7,1,7,3,2,"제조업"
2019,"삼성공조",26,4,22,8,7,"제조업"
2019,"조일알미늄",29,18,11,31,31,"제조업"
2019,"진도",15,5,10,8,5,"제조업"
2019,"일성건설",35,26,9,38,35,"제조업"
2019,"평화홀딩스",50,38,12,58,53,"제조업"
2019,"폴루스바이오팜",15,9,6,1,1,"제조업"
2019,"금호전기",7,6,2,6,5,"제조업"
2019,"선도전기",17,8,9,9,8,"제조업"
2019,"인팩",29,18,11,36,32,"제조업"
2019,"SJM",22,5,17,16,12,"제조업"
2019,"미래아이앤지",7,0,7,1,1,"제조업"
2019,"한국종합기술",28,18,10,22,20,"제조업"
2019,"전방",33,24,8,14,16,"제조업"
2019,"신송홀딩스",20,11,9,26,24,"제조업"
2019,"동원수산",10,5,5,16,14,"제조업"
2019,"SJM홀딩스",31,6,25,16,12,"제조업"
2019,"이화산업",28,10,18,6,5,"제조업"
2019,"원림",16,5,12,8,6,"제조업"
2019,"TBH글로벌",18,7,11,21,9,"제조업"
2019,"티에이치엔",27,20,6,40,34,"제조업"
2019,"한일철강",32,17,15,17,17,"제조업"
2019,"케이비아이동국실업",56,38,18,62,57,"제조업"
2019,"우진플라임",27,22,5,18,14,"제조업"
2019,"한국전자홀딩스",39,15,24,22,19,"제조업"
2019,"갤럭시아에스엠",3,1,2,3,3,"제조업"
2019,"성문전자",4,2,3,4,3,"제조업"
2019,"경인전자",6,0,5,1,1,"제조업"
2019,"태양금속",39,32,7,47,43,"제조업"
2019,"진양폴리",4,2,3,4,3,"제조업"
2019,"한세엠케이",18,8,10,31,15,"제조업"
2019,"WISCOM",13,2,12,12,11,"제조업"
2019,"동일제강",15,2,13,13,12,"제조업"
2019,"에쓰씨엔지니어링",37,22,16,24,20,"제조업"
2019,"부산주공",28,25,3,20,20,"제조업"
2019,"코아스",8,5,3,11,8,"제조업"
2019,"삼화전자",6,4,2,4,4,"제조업"
2019,"엔케이물산",4,0,4,1,1,"제조업"
2019,"에이엔피",13,8,6,11,11,"제조업"
2019,"한솔PNS",10,6,4,23,21,"제조업"
2019,"하이스틸",23,11,13,21,20,"제조업"
2019,"태원물산",4,1,3,2,2,"제조업"
2019,"흥아해운",43,40,3,10,10,"제조업"
2019,"이스타코",8,3,5,2,2,"제조업"
2019,"세기상사",4,2,2,1,0,"제조업"
2019,"신화실업",7,3,3,7,7,"제조업"
2019,"씨아이테크",6,2,3,4,3,"제조업"
2019,"일정실업",6,3,3,4,5,"제조업"
2019,"성안",31,23,8,22,21,"제조업"
2019,"지코",7,5,2,8,8,"제조업"
2019,"한국주강",5,2,3,4,4,"제조업"
2019,"하이트론",6,4,2,3,4,"제조업"
2019,"컨버즈",3,3,0,5,4,"제조업"
